{"cameraMode":{"drawMode":0,"name":"Shaded","section":"Shading Mode"},"sceneLighting":false,"audioPlay":false,"sceneViewState":{"showFog":true,"showMaterialUpdate":false,"showSkybox":true,"showFlares":true,"showImageEffects":true,"showParticleSystems":true},"in2DMode":false,"pivot":{"x":-2.423301935195923,"y":-0.6787592172622681,"z":13.76037883758545},"rotation":{"x":-0.1135575994849205,"y":0.4550403952598572,"z":-0.05863294005393982,"w":-0.8812519907951355},"size":4.439873218536377,"orthographic":false}