{"cameraMode":{"drawMode":0,"name":"Shaded","section":"Shading Mode"},"sceneLighting":false,"audioPlay":false,"sceneViewState":{"showFog":true,"showMaterialUpdate":false,"showSkybox":true,"showFlares":true,"showImageEffects":true,"showParticleSystems":true},"in2DMode":false,"pivot":{"x":13.239466667175293,"y":-27.964834213256837,"z":50.343563079833987},"rotation":{"x":-0.2598172426223755,"y":-0.07540608942508698,"z":0.020358748733997346,"w":-0.962493896484375},"size":80.60636901855469,"orthographic":false}